,Symbol ,Company Name ,Industry ,Market Cap 
0,A,Agilent Technologies,Diagnostics & Research,33.15B
1,AA,Alcoa,Aluminum,5.03B
2,AAC,Ares Acquisition,Shell Companies,760.41M
3,AACG,ATA Creativity Global,Education & Training Services,34.74M
4,AACI,Armada Acquisition I,Shell Companies,86.37M
5,AACT,Ares Acquisition Corporation II,Shell Companies,639.44M
6,AADI,Aadi Bioscience,Biotechnology,112.79M
7,AAIC,Arlington Asset Investment,REIT - Mortgage,129.42M
8,AAL,American Airlines Group,Airlines,8.01B
9,AAMC,Altisource Asset Management,Asset Management,12.19M
10,AAME,Atlantic American,Insurance - Life,36.93M
11,AAN,The Aaron's Company,Rental & Leasing Services,308.07M
12,AAOI,Applied Optoelectronics,Semiconductors,296.78M
13,AAON,"AAON, Inc.",Building Products & Equipment,4.77B
14,AAP,Advance Auto Parts,Specialty Retail,3.10B
15,AAPL,Apple,Consumer Electronics,"2,788.98B"
16,AAT,American Assets Trust,REIT - Diversified,1.42B
17,AAU,Almaden Minerals,Gold,18.58M
18,AB,AllianceBernstein Holding L.P.,Asset Management,3.45B
19,ABAT,American Battery Technology Company Common Stock,Other Industrial Metals & Mining,321.27M
20,ABBV,AbbVie,Drug Manufacturers - General,262.80B
21,ABCB,Ameris Bancorp,Banks - Regional,2.70B
22,ABCL,AbCellera Biologics,Biotechnology,1.31B
23,ABCM,Abcam,Biotechnology,5.25B
24,ABEO,Abeona Therapeutics,Biotechnology,101.99M
25,ABEV,Ambev,Beverages - Brewers,40.94B
26,ABG,Asbury Automotive Group,Auto & Truck Dealerships,4.56B
27,ABIO,ARCA biopharma,Biotechnology,29.54M
28,ABL,Abacus Life,Insurance - Life,440.70M
29,ABLV,Able View,Advertising Agencies,59.63M
30,ABM,ABM Industries,Specialty Business Services,2.81B
31,ABNB,Airbnb,Travel Services,83.97B
32,ABOS,Acumen Pharmaceuticals,Biotechnology,249.41M
33,ABR,Arbor Realty Trust,REIT - Mortgage,2.70B
34,ABSI,Absci,Biotechnology,127.94M
35,ABT,Abbott Laboratories,Medical Devices,169.30B
36,ABUS,Arbutus Biopharma,Biotechnology,324.22M
37,ABVC,ABVC BioPharma,Biotechnology,3.52M
38,AC,Associated Capital Group,Capital Markets,722.88M
39,ACA,Arcosa,Infrastructure Operations,3.47B
40,ACAB,Atlantic Coastal Acquisition Corp. II,Shell Companies,115.81M
41,ACAC,Acri Capital Acquisition,Shell Companies,63.34M
42,ACAD,ACADIA Pharmaceuticals,Biotechnology,3.83B
43,ACAH,Atlantic Coastal Acquisition,Shell Companies,127.78M
44,ACAQ,Athena Consumer Acquisition,Shell Companies,63.48M
45,ACAX,Alset Capital Acquisition,Shell Companies,49.75M
46,ACB,Aurora Cannabis,Drug Manufacturers - Specialty & Generic,235.27M
47,ACBA,Ace Global Business Acquisition,Shell Companies,40.36M
48,ACCD,Accolade,Health Information Services,657.12M
49,ACCO,ACCO Brands,Business Equipment & Supplies,511.60M
50,ACDC,ProFrac Holding,Oil & Gas Equipment & Services,1.53B
51,ACEL,Accel Entertainment,Gambling,939.21M
52,ACER,Acer Therapeutics,Biotechnology,18.35M
53,ACET,Adicet Bio,Biotechnology,63.56M
54,ACGL,Arch Capital Group,Insurance - Diversified,30.53B
55,ACHC,Acadia Healthcare Company,Medical Care Facilities,6.64B
56,ACHL,Achilles Therapeutics,Biotechnology,35.21M
57,ACHR,Archer Aviation,Aerospace & Defense,1.53B
58,ACHV,Achieve Life Sciences,Biotechnology,78.94M
59,ACI,Albertsons Companies,Grocery Stores,13.18B
60,ACIC,American Coastal Insurance,Insurance - Property & Casualty,325.55M
61,ACIU,AC Immune,Biotechnology,241.41M
62,ACIW,ACI Worldwide,Software - Infrastructure,2.29B
63,ACLS,Axcelis Technologies,Semiconductor Equipment & Materials,5.42B
64,ACLX,Arcellx,Biotechnology,1.76B
65,ACM,AECOM,Engineering & Construction,11.50B
66,ACMR,ACM Research,Semiconductor Equipment & Materials,1.18B
67,ACN,Accenture,Information Technology Services,196.45B
68,ACNB,ACNB Corporation,Banks - Regional,280.05M
69,ACNT,Ascent Industries Co.,Steel,85.98M
70,ACON,Aclarion,Health Information Services,3.14M
71,ACOR,Acorda Therapeutics,Drug Manufacturers - Specialty & Generic,14.04M
72,ACR,ACRES Commercial Realty,REIT - Mortgage,69.80M
73,ACRE,Ares Commercial Real Estate,REIT - Mortgage,502.38M
74,ACRO,Acropolis Infrastructure Acquisition,Shell Companies,351.90M
75,ACRS,Aclaris Therapeutics,Diagnostics & Research,426.89M
76,ACRV,Acrivon Therapeutics,Biotechnology,151.75M
77,ACRX,AcelRx Pharmaceuticals,Drug Manufacturers - Specialty & Generic,11.18M
78,ACST,Acasti Pharma,Biotechnology,24.25M
79,ACT,Enact Holdings,Insurance - Specialty,4.48B
80,ACTG,Acacia Research,Specialty Business Services,367.58M
81,ACU,Acme United,Household & Personal Products,101.65M
82,ACVA,ACV Auctions,Auto & Truck Dealerships,2.44B
83,ACXP,Acurx Pharmaceuticals,Biotechnology,46.04M
84,ADAG,Adagene,Biotechnology,64.44M
85,ADAP,Adaptimmune Therapeutics,Biotechnology,153.80M
86,ADBE,Adobe,Software - Infrastructure,242.55B
87,ADC,Agree Realty,REIT - Retail,5.27B
88,ADCT,ADC Therapeutics,Biotechnology,68.43M
89,ADD,Color Star Technology Co.,Entertainment,9.07M
90,ADEA,Adeia,Software - Application,945.83M
91,ADES,Advanced Emissions Solutions,Pollution & Treatment Controls,58.29M
92,ADEX,Adit EdTech Acquisition,Shell Companies,95.59M
93,ADI,Analog Devices,Semiconductors,87.69B
94,ADIL,Adial Pharmaceuticals,Biotechnology,3.61M
95,ADM,Archer-Daniels-Midland Company,Farm Products,39.75B
96,ADMA,ADMA Biologics,Biotechnology,748.94M
97,ADN,Advent Technologies Holdings,Utilities - Renewable,25.61M
98,ADNT,Adient,Auto Parts,3.42B
99,ADOC,Edoc Acquisition,Shell Companies,41.64M
100,ADP,Automatic Data Processing,Staffing & Employment Services,102.64B
101,ADPT,Adaptive Biotechnologies,Biotechnology,715.99M
102,ADRT,Ault Disruptive Technologies,Shell Companies,37.56M
103,ADSE,ADS-TEC Energy,Electrical Equipment & Parts,320.18M
104,ADSK,Autodesk,Software - Application,45.42B
105,ADT,ADT Inc.,Security & Protection Services,5.91B
106,ADTH,AdTheorent Holding Company,Advertising Agencies,105.85M
107,ADTN,ADTRAN Holdings,Communication Equipment,613.72M
108,ADTX,Aditxt,Biotechnology,2.49M
109,ADUS,Addus HomeCare,Medical Care Facilities,1.35B
110,ADV,Advantage Solutions,Advertising Agencies,973.65M
111,ADVM,Adverum Biotechnologies,Biotechnology,105.03M
112,ADXN,Addex Therapeutics,Biotechnology,6.04M
113,AE,Adams Resources & Energy,Oil & Gas Refining & Marketing,79.72M
114,AEAE,AltEnergy Acquisition,Shell Companies,77.45M
115,AEE,Ameren,Utilities - Regulated Electric,20.01B
116,AEG,Aegon,Insurance - Diversified,9.35B
117,AEHL,Antelope Enterprise Holdings,Building Products & Equipment,5.13M
118,AEHR,Aehr Test Systems,Semiconductor Equipment & Materials,1.14B
119,AEI,Alset EHome International,Real Estate - Development,11.91M
120,AEIS,Advanced Energy Industries,Electrical Equipment & Parts,3.84B
121,AEL,American Equity Investment Life Holding Company,Insurance - Life,4.17B
122,AEM,Agnico Eagle Mines,Gold,23.13B
123,AEMD,Aethlon Medical,Medical Devices,4.27M
124,AENT,Alliance Entertainment Holding,Entertainment,148.07M
125,AENZ,Aenza,Engineering & Construction,185.66M
126,AEO,American Eagle Outfitters,Apparel Retail,3.33B
127,AEON,AEON Biopharma,Biotechnology,240.02M
128,AEP,American Electric Power Company,Utilities - Regulated Electric,38.24B
129,AER,AerCap Holdings,Rental & Leasing Services,13.23B
130,AES,The AES Corporation,Utilities - Diversified,8.71B
131,AESI,Atlas Energy Solutions,Oil & Gas Equipment & Services,2.10B
132,AEVA,Aeva Technologies,Auto Parts,168.22M
133,AEY,ADDvantage Technologies Group,Electronics & Computer Distribution,6.06M
134,AEYE,AudioEye,Software - Application,62.10M
135,AEZS,Aeterna Zentaris,Biotechnology,9.32M
136,AFAR,Aura FAT Projects Acquisition,Shell Companies,155.91M
137,AFBI,Affinity Bancshares,Banks - Regional,97.29M
138,AFCG,AFC Gamma,REIT - Specialty,237.10M
139,AFG,American Financial Group,Insurance - Property & Casualty,9.40B
140,AFIB,Acutus Medical,Medical Devices,19.94M
141,AFL,Aflac,Insurance - Life,46.82B
142,AFMD,Affimed,Biotechnology,70.89M
143,AFRI,Forafric Global,Farm Products,294.59M
144,AFRM,Affirm Holdings,Software - Infrastructure,5.90B
145,AFYA,Afya Limited,Education & Training Services,1.43B
146,AG,First Majestic Silver,Silver,1.46B
147,AGAE,Allied Gaming & Entertainment,Entertainment,31.82M
148,AGBA,AGBA Acquisition,Shell Companies,37.15M
149,AGCO,AGCO Corporation,Farm & Heavy Construction Machinery,9.16B
150,AGE,AgeX Therapeutics,Biotechnology,27.70M
151,AGEN,Agenus,Biotechnology,406.14M
152,AGFY,Agrify,Engineering & Construction,4.12M
153,AGI,Alamos Gold,Gold,4.67B
154,AGIL,AgileThought,Software - Application,10.83M
155,AGIO,Agios Pharmaceuticals,Biotechnology,1.32B
156,AGL,agilon health,Medical Care Facilities,7.61B
157,AGLE,Aeglea BioTherapeutics,Biotechnology,52.54M
158,AGM,Federal Agricultural Mortgage,Credit Services,1.60B
159,AGM.A,Federal Agricultural Mortgage,Credit Services,1.60B
160,AGMH,AGM Group Holdings,Software - Application,43.17M
161,AGNC,AGNC Investment,REIT - Mortgage,5.53B
162,AGO,Assured Guaranty,Insurance - Specialty,3.53B
163,AGR,Avangrid,Utilities - Regulated Electric,12.14B
164,AGRI,AgriFORCE Growing Systems,Farm Products,3.12M
165,AGRO,Adecoagro,Farm Products,1.17B
166,AGRX,Agile Therapeutics,Drug Manufacturers - Specialty & Generic,3.68M
167,AGS,PlayAGS,Gambling,246.46M
168,AGTI,Agiliti,Health Information Services,780.64M
169,AGX,Argan,Engineering & Construction,621.98M
170,AGYS,Agilysys,Software - Application,1.79B
171,AHCO,AdaptHealth,Medical Devices,1.14B
172,AHG,Akso Health Group,Credit Services,36.81M
173,AHH,Armada Hoffler Properties,REIT - Diversified,946.54M
174,AHI,Advanced Human Imaging,Software - Application,17.15M
175,AHT,Ashford Hospitality Trust,REIT - Hotel & Motel,92.34M
176,AI,C3.ai,Information Technology Services,3.16B
177,AIB,AIB Acquisition,Shell Companies,41.18M
178,AIG,American International Group,Insurance - Diversified,43.55B
179,AIH,Aesthetic Medical International Holdings Group,Medical Care Facilities,37.57M
180,AIHS,Senmiao Technology,Credit Services,3.61M
181,AIM,AIM ImmunoTech,Biotechnology,22.63M
182,AIMAU,Aimfinity Investment I,Shell Companies,112.72M
183,AIMD,Ainos,Biotechnology,13.19M
184,AIN,Albany International,Textile Manufacturing,2.71B
185,AINC,Ashford,Asset Management,19.25M
186,AIP,Arteris,Semiconductors,219.69M
187,AIR,AAR Corp.,Aerospace & Defense,2.15B
188,AIRC,Apartment Income REIT,REIT - Residential,4.62B
189,AIRG,Airgain,Communication Equipment,36.59M
190,AIRI,Air Industries Group,Aerospace & Defense,9.90M
191,AIRS,AirSculpt Technologies,Medical Care Facilities,424.75M
192,AIRT,Air T,Integrated Freight & Logistics,63.82M
193,AIT,Applied Industrial Technologies,Industrial Distribution,6.11B
194,AIU,Meta Data,Education & Training Services,17.67B
195,AIV,Apartment Investment and Management Company,REIT - Residential,959.41M
196,AIXI,Xiao-I,Software - Application,152.02M
197,AIZ,Assurant,Insurance - Specialty,7.74B
198,AJG,Arthur J. Gallagher & Co.,Insurance Brokers,50.32B
199,AJX,Great Ajax,REIT - Mortgage,155.71M
200,AKA,a.k.a. Brands Holding,Internet Retail,50.32M
201,AKAM,Akamai Technologies,Software - Infrastructure,16.41B
202,AKAN,Akanda,Drug Manufacturers - Specialty & Generic,1.88M
203,AKBA,Akebia Therapeutics,Biotechnology,201.50M
204,AKLI,Akili,Health Information Services,36.76M
205,AKO.A,Embotelladora Andina,Beverages - Non-Alcoholic,1.93B
206,AKO.B,Embotelladora Andina,Beverages - Non-Alcoholic,1.99B
207,AKR,Acadia Realty Trust,REIT - Retail,1.46B
208,AKRO,Akero Therapeutics,Biotechnology,1.01B
209,AKTS,Akoustis Technologies,Communication Equipment,61.54M
210,AKTX,"Akari Therapeutics,",Biotechnology,18.07M
211,AKU,Akumin,Diagnostics & Research,13.16M
212,AKYA,Akoya Biosciences,Medical Instruments & Supplies,196.74M
213,AL,Air Lease,Rental & Leasing Services,4.06B
214,ALAR,Alarum Technologies,Software - Infrastructure,25.65M
215,ALB,Albemarle,Specialty Chemicals,19.02B
216,ALBT,Avalon GloboCare,Real Estate Services,8.55M
217,ALC,Alcon,Medical Instruments & Supplies,37.68B
218,ALCC,AltC Acquisition,Shell Companies,660.60M
219,ALCO,Alico,Farm Products,191.41M
220,ALCY,Alchemy Investments Acquisition Corp 1,Shell Companies,154.60M
221,ALDX,Aldeyra Therapeutics,Biotechnology,348.06M
222,ALE,ALLETE,Utilities - Diversified,3.05B
223,ALEC,Alector,Biotechnology,528.97M
224,ALEX,Alexander & Baldwin,REIT - Diversified,1.19B
225,ALG,Alamo Group,Farm & Heavy Construction Machinery,2.11B
226,ALGM,Allegro MicroSystems,Semiconductors,5.98B
227,ALGN,Align Technology,Medical Devices,21.93B
228,ALGS,Aligos Therapeutics,Biotechnology,32.63M
229,ALGT,Allegiant Travel Company,Airlines,1.40B
230,ALHC,Alignment Healthcare,Healthcare Plans,1.37B
231,ALIM,Alimera Sciences,Drug Manufacturers - Specialty & Generic,164.07M
232,ALIT,Alight,Software - Application,3.85B
233,ALK,Alaska Air Group,Airlines,4.44B
234,ALKS,Alkermes,Biotechnology,4.73B
235,ALKT,Alkami Technology,Software - Application,1.63B
236,ALL,The Allstate Corporation,Insurance - Property & Casualty,30.01B
237,ALLE,Allegion,Security & Protection Services,9.26B
238,ALLG,Allego,Auto Parts,529.03M
239,ALLK,Allakos,Biotechnology,198.61M
240,ALLO,Allogene Therapeutics,Biotechnology,524.67M
241,ALLR,Allarity Therapeutics,Biotechnology,1.80M
242,ALLT,Allot,Software - Infrastructure,83.46M
243,ALLY,Ally Financial,Credit Services,7.83B
244,ALNT,Allient,Electronic Components,489.60M
245,ALNY,Alnylam Pharmaceuticals,Biotechnology,21.13B
246,ALOR,ALSP Orchid Acquisition Corporation I,Shell Companies,78.96M
247,ALOT,AstroNova,Computer Hardware,93.25M
248,ALPN,Alpine Immune Sciences,Biotechnology,530.88M
249,ALPP,Alpine 4 Holdings,Metal Fabrication,16.63M
250,ALRM,Alarm.com Holdings,Software - Application,3.00B
251,ALRN,Aileron Therapeutics,Biotechnology,6.31M
252,ALRS,Alerus Financial,Banks - Regional,362.45M
253,ALSA,Alpha Star Acquisition,Shell Companies,135.81M
254,ALSN,Allison Transmission Holdings,Auto Parts,5.36B
255,ALT,Altimmune,Biotechnology,143.83M
256,ALTG,Alta Equipment Group,Rental & Leasing Services,378.06M
257,ALTI,AlTi Global,Asset Management,798.14M
258,ALTO,Alto Ingredients,Specialty Chemicals,322.62M
259,ALTR,Altair Engineering,Software - Infrastructure,5.44B
260,ALTU,Altitude Acquisition,Shell Companies,89.58M
261,ALUR,Allurion Technologies,Medical Devices,202.20M
262,ALV,Autoliv,Auto Parts,8.14B
263,ALVO,Alvotech,Drug Manufacturers - Specialty & Generic,2.49B
264,ALVR,AlloVir,Biotechnology,219.77M
265,ALX,Alexander's,REIT - Retail,909.97M
266,ALXO,ALX Oncology Holdings,Biotechnology,391.77M
267,ALYA,Alithya Group,Information Technology Services,156.77M
268,ALZN,Alzamend Neuro,Biotechnology,20.55M
269,AM,Antero Midstream,Oil & Gas Midstream,5.86B
270,AMAL,Amalgamated Financial,Banks - Regional,522.02M
271,AMAM,Ambrx Biopharma,Biotechnology,776.99M
272,AMAO,American Acquisition Opportunity,Shell Companies,36.39M
273,AMAT,Applied Materials,Semiconductor Equipment & Materials,118.29B
274,AMBA,Ambarella,Semiconductor Equipment & Materials,2.20B
275,AMBC,Ambac Financial Group,Insurance - Specialty,549.99M
276,AMBI,Ambipar Emergency Response,Waste Management,343.67M
277,AMBO,Ambow Education Holding,Education & Training Services,3.98M
278,AMBP,Ardagh Metal Packaging,Packaging & Containers,1.69B
279,AMC,AMC Entertainment Holdings,Entertainment,1.97B
280,AMCR,Amcor,Packaging & Containers,13.00B
281,AMCX,AMC Networks,Entertainment,536.41M
282,AMD,Advanced Micro Devices,Semiconductors,176.12B
283,AME,AMETEK,Specialty Industrial Machinery,34.90B
284,AMED,Amedisys,Medical Care Facilities,3.02B
285,AMEH,Apollo Medical Holdings,Medical Care Facilities,1.57B
286,AMG,Affiliated Managers Group,Asset Management,4.58B
287,AMGN,Amgen,Drug Manufacturers - General,145.09B
288,AMH,American Homes 4 Rent,REIT - Residential,14.21B
289,AMK,AssetMark Financial Holdings,Asset Management,1.83B
290,AMKR,Amkor Technology,Semiconductors,5.70B
291,AMLI,American Lithium,Other Industrial Metals & Mining,283.34M
292,AMLX,Amylyx Pharmaceuticals,Biotechnology,1.23B
293,AMN,AMN Healthcare Services,Medical Care Facilities,3.05B
294,AMNB,American National Bankshares,Banks - Regional,410.61M
295,AMP,Ameriprise Financial,Asset Management,33.75B
296,AMPE,Ampio Pharmaceuticals,Biotechnology,2.11M
297,AMPG,AmpliTech Group,Communication Equipment,19.51M
298,AMPH,Amphastar Pharmaceuticals,Drug Manufacturers - Specialty & Generic,2.34B
299,AMPL,Amplitude,Software - Application,1.30B
300,AMPS,Altus Power,Utilities - Renewable,831.52M
301,AMPX,Amprius Technologies,Electrical Equipment & Parts,380.34M
302,AMPY,Amplify Energy,Oil & Gas E&P,279.69M
303,AMR,Alpha Metallurgical Resources,Coking Coal,3.46B
304,AMRC,Ameresco,Engineering & Construction,1.87B
305,AMRK,A-Mark Precious Metals,Capital Markets,685.72M
306,AMRN,Amarin Corporation,Biotechnology,336.81M
307,AMRX,Amneal Pharmaceuticals,Drug Manufacturers - Specialty & Generic,1.24B
308,AMS,American Shared Hospital Services,Medical Care Facilities,16.17M
309,AMSC,American Superconductor,Specialty Industrial Machinery,206.85M
310,AMSF,AMERISAFE,Insurance - Specialty,975.88M
311,AMST,Amesite,Software - Application,6.65M
312,AMSWA,American Software,Software - Application,387.45M
313,AMT,American Tower,REIT - Specialty,73.91B
314,AMTB,Amerant Bancorp,Banks - Regional,638.96M
315,AMTD,AMTD IDEA Group,Asset Management,3.59B
316,AMTI,Applied Molecular Transport,Biotechnology,6.47M
317,AMTX,Aemetis,Oil & Gas Refining & Marketing,173.65M
318,AMWD,American Woodmark,"Furnishings, Fixtures & Appliances",1.25B
319,AMWL,American Well,Health Information Services,330.22M
320,AMX,América Móvil,Telecom Services,53.30B
321,AMZN,Amazon.com,Internet Retail,"1,335.95B"
322,AN,AutoNation,Auto & Truck Dealerships,6.28B
323,ANAB,AnaptysBio,Biotechnology,520.03M
324,ANDE,The Andersons,Food Distribution,1.75B
325,ANEB,Anebulo Pharmaceuticals,Biotechnology,77.16M
326,ANET,Arista Networks,Computer Hardware,60.28B
327,ANF,Abercrombie & Fitch Co.,Apparel Retail,3.01B
328,ANGH,Anghami,Entertainment,19.50M
329,ANGI,Angi Inc.,Internet Content & Information,926.50M
330,ANGO,AngioDynamics,Medical Instruments & Supplies,294.27M
331,ANIK,Anika Therapeutics,Medical Devices,277.41M
332,ANIP,ANI Pharmaceuticals,Drug Manufacturers - Specialty & Generic,1.20B
333,ANIX,Anixa Biosciences,Biotechnology,102.53M
334,ANL,Adlai Nortye,Biotechnology,391.88M
335,ANNX,Annexon,Biotechnology,103.82M
336,ANSS,ANSYS,Software - Application,26.32B
337,ANTE,AirNet Technology,Telecom Services,8.12M
338,ANTX,AN2 Therapeutics,Biotechnology,452.43M
339,ANVS,Annovis Bio,Biotechnology,72.55M
340,ANY,Sphere 3D,Software - Application,14.64M
341,AOGO,Arogo Capital Acquisition,Shell Companies,46.72M
342,AOMR,Angel Oak Mortgage,REIT - Mortgage,210.87M
343,AON,Aon plc,Insurance Brokers,66.03B
344,AONC,American Oncology Network,Shell Companies,106.84M
345,AORT,Artivion,Medical Devices,635.71M
346,AOS,A. O. Smith,Specialty Industrial Machinery,10.42B
347,AOSL,Alpha and Omega Semiconductor,Semiconductors,819.83M
348,AOUT,American Outdoor Brands,Leisure,122.40M
349,AP,Ampco-Pittsburgh,Metal Fabrication,54.83M
350,APA,APA Corporation,Oil & Gas E&P,11.95B
351,APAC,StoneBridge Acquisition,Shell Companies,82.43M
352,APAM,Artisan Partners Asset Management,Asset Management,2.49B
353,APCA,AP Acquisition,Shell Companies,236.76M
354,APCX,AppTech Payments,Software - Infrastructure,55.20M
355,APD,Air Products and Chemicals,Specialty Chemicals,63.96B
356,APDN,Applied DNA Sciences,Diagnostics & Research,14.75M
357,APEI,American Public Education,Education & Training Services,85.49M
358,APG,APi Group,Engineering & Construction,6.27B
359,APGB,Apollo Strategic Growth Capital II,Shell Companies,372.50M
360,APGE,Apogee Therapeutics,Biotechnology,1.08B
361,APH,Amphenol,Electronic Components,49.78B
362,API,Agora,Software - Application,277.67M
363,APLD,Applied Digital,Capital Markets,575.61M
364,APLE,Apple Hospitality REIT,REIT - Hotel & Motel,3.53B
365,APLM,Apollomics,Biotechnology,234.40M
366,APLS,Apellis Pharmaceuticals,Biotechnology,5.23B
367,APLT,Applied Therapeutics,Biotechnology,146.45M
368,APM,Aptorum Group,Biotechnology,7.80M
369,APO,Apollo Global Management,Asset Management,50.89B
370,APOG,Apogee Enterprises,Building Products & Equipment,1.02B
371,APP,AppLovin,Software - Application,14.10B
372,APPF,AppFolio,Software - Application,6.85B
373,APPN,Appian,Software - Infrastructure,3.15B
374,APPS,Digital Turbine,Software - Application,589.03M
375,APRE,Aprea Therapeutics,Biotechnology,18.80M
376,APRN,Blue Apron Holdings,Internet Retail,83.06M
377,APT,Alpha Pro Tech,Building Products & Equipment,48.49M
378,APTM,Alpha Partners Technology Merger,Shell Companies,240.26M
379,APTO,Aptose Biosciences,Biotechnology,19.05M
380,APTV,Aptiv,Auto Parts,27.75B
381,APVO,Aptevo Therapeutics,Biotechnology,3.46M
382,APWC,Asia Pacific Wire & Cable Corporation,Electrical Equipment & Parts,29.07M
383,APXI,APx Acquisition I,Shell Companies,119.99M
384,APYX,Apyx Medical,Medical Devices,99.77M
385,AQB,AquaBounty Technologies,Farm Products,16.80M
386,AQMS,Aqua Metals,Waste Management,110.96M
387,AQN,Algonquin Power & Utilities,Utilities - Renewable,4.02B
388,AQST,Aquestive Therapeutics,Drug Manufacturers - Specialty & Generic,93.42M
389,AQU,Aquaron Acquisition,Shell Companies,48.35M
390,AR,Antero Resources,Oil & Gas E&P,8.15B
391,ARAV,Aravive,Biotechnology,8.36M
392,ARAY,Accuray,Medical Devices,282.04M
393,ARBB,ARB IOT Group,Information Technology Services,44.45M
394,ARBE,Arbe Robotics,Software - Infrastructure,175.16M
395,ARBK,Argo Blockchain,Capital Markets,54.07M
396,ARC,ARC Document Solutions,Specialty Business Services,129.70M
397,ARCB,ArcBest,Trucking,2.47B
398,ARCC,Ares Capital,Asset Management,10.72B
399,ARCE,Arco Platform,Education & Training Services,915.49M
400,ARCH,Arch Resources,Thermal Coal,2.87B
401,ARCO,Arcos Dorados Holdings,Restaurants,1.94B
402,ARCT,Arcturus Therapeutics Holdings,Biotechnology,659.64M
403,ARDX,Ardelyx,Biotechnology,901.95M
404,ARE,Alexandria Real Estate Equities,REIT - Office,17.38B
405,AREB,American Rebel Holdings,Footwear & Accessories,1.67M
406,AREC,American Resources,Coking Coal,136.09M
407,AREN,The Arena Group Holdings,Internet Content & Information,96.83M
408,ARES,Ares Management,Asset Management,33.58B
409,ARGO,Argo Group International Holdings,Insurance - Property & Casualty,1.05B
410,ARGX,argenx SE,Biotechnology,29.29B
411,ARHS,Arhaus,Home Improvement Retail,1.35B
412,ARI,Apollo Commercial Real Estate Finance,REIT - Mortgage,1.44B
413,ARIS,Aris Water Solutions,Utilities - Regulated Water,586.08M
414,ARIZ,Arisz Acquisition,Shell Companies,55.27M
415,ARKO,Arko Corp.,Specialty Retail,911.29M
416,ARKR,Ark Restaurants,Restaurants,54.46M
417,ARL,American Realty Investors,Real Estate - Development,236.30M
418,ARLO,Arlo Technologies,Security & Protection Services,900.11M
419,ARLP,"Alliance Resource Partners,",Thermal Coal,2.92B
420,ARM,Arm Holdings,Semiconductors,59.50B
421,ARMK,Aramark,Specialty Business Services,6.73B
422,ARMN,Aris Mining,Gold,320.35M
423,ARMP,Armata Pharmaceuticals,Biotechnology,84.90M
424,AROC,Archrock,Oil & Gas Equipment & Services,2.04B
425,AROW,Arrow Financial,Banks - Regional,301.10M
426,ARQQ,Arqit Quantum,Software - Infrastructure,71.29M
427,ARQT,Arcutis Biotherapeutics,Biotechnology,297.17M
428,ARR,ARMOUR Residential REIT,REIT - Mortgage,926.17M
429,ARRW,Arrowroot Acquisition,Shell Companies,121.92M
430,ARRY,Array Technologies,Solar,3.12B
431,ARTE,Artemis Strategic Investment,Shell Companies,76.15M
432,ARTL,Artelo Biosciences,Biotechnology,4.96M
433,ARTNA,Artesian Resources,Utilities - Regulated Water,439.65M
434,ARTW,Art's-Way Manufacturing Co.,Farm & Heavy Construction Machinery,12.14M
435,ARVL,Arrival,Auto Manufacturers,21.21M
436,ARVN,Arvinas,Biotechnology,1.05B
437,ARW,Arrow Electronics,Electronics & Computer Distribution,6.67B
438,ARWR,Arrowhead Pharmaceuticals,Biotechnology,2.75B
439,ARYD,ARYA Sciences Acquisition Corp IV,Shell Companies,86.01M
440,ASA,ASA Gold and Precious Metals,Asset Management,255.21M
441,ASAI,Sendas Distribuidora,Grocery Stores,3.22B
442,ASAN,Asana,Software - Application,3.94B
443,ASB,Associated Banc-Corp,Banks - Regional,2.50B
444,ASC,Ardmore Shipping,Marine Shipping,534.37M
445,ASCA,A SPAC I Acquisition,Shell Companies,59.10M
446,ASCB,A SPAC II Acquisition,Shell Companies,80.08M
447,ASGN,ASGN Incorporated,Information Technology Services,4.01B
448,ASH,Ashland,Specialty Chemicals,4.04B
449,ASIX,AdvanSix,Chemicals,819.93M
450,ASLE,AerSale,Airports & Air Services,824.34M
451,ASLN,ASLAN Pharmaceuticals,Biotechnology,22.17M
452,ASM,Avino Silver & Gold Mines,Other Precious Metals & Mining,59.85M
453,ASMB,Assembly Biosciences,Biotechnology,38.43M
454,ASML,ASML Holding,Semiconductor Equipment & Materials,236.89B
455,ASND,Ascendis Pharma,Biotechnology,5.29B
456,ASNS,Actelis Networks,Communication Equipment,3.17M
457,ASO,Academy Sports and Outdoors,Specialty Retail,3.39B
458,ASPA,Abri SPAC I,Shell Companies,26.27M
459,ASPI,ASP Isotopes,Chemicals,39.63M
460,ASPN,Aspen Aerogels,Building Products & Equipment,591.85M
461,ASPS,Altisource Portfolio Solutions,Real Estate Services,105.56M
462,ASR,"Grupo Aeroportuario del Sureste, S. A. B. de C. V.",Airports & Air Services,6.65B
463,ASRT,Assertio Holdings,Drug Manufacturers - Specialty & Generic,231.84M
464,ASRV,AmeriServ Financial,Banks - Regional,44.07M
465,ASST,Asset Entities,Internet Content & Information,4.13M
466,ASTC,Astrotech,Aerospace & Defense,15.73M
467,ASTE,Astec Industries,Farm & Heavy Construction Machinery,1.05B
468,ASTI,Ascent Solar Technologies,Solar,5.73M
469,ASTL,Algoma Steel Group,Steel,685.85M
470,ASTR,Astra Space,Aerospace & Defense,24.88M
471,ASTS,AST SpaceMobile,Telecom Services,785.81M
472,ASUR,Asure Software,Software - Application,228.97M
473,ASX,ASE Technology Holding Co.,Semiconductors,16.68B
474,ASXC,Asensus Surgical,Medical Devices,69.85M
475,ASYS,Amtech Systems,Semiconductor Equipment & Materials,109.80M
476,ATAI,Atai Life Sciences,Biotechnology,227.43M
477,ATAK,Aurora Technology Acquisition,Shell Companies,116.30M
478,ATAT,Atour Lifestyle Holdings,Lodging,2.37B
479,ATEC,Alphatec Holdings,Medical Devices,1.43B
480,ATEK,Athena Technology Acquisition Corp. II,Shell Companies,129.84M
481,ATEN,A10 Networks,Software - Infrastructure,851.53M
482,ATER,Aterian,"Furnishings, Fixtures & Appliances",27.87M
483,ATEX,Anterix,Telecom Services,603.99M
484,ATGE,Adtalem Global Education,Education & Training Services,1.91B
485,ATHA,Athira Pharma,Biotechnology,71.92M
486,ATHE,Alterity Therapeutics,Biotechnology,10.17M
487,ATHM,Autohome,Internet Content & Information,3.69B
488,ATHX,Athersys,Biotechnology,3.21M
489,ATI,ATI Inc.,Metal Fabrication,5.24B
490,ATIF,ATIF Holdings,Capital Markets,10.50M
491,ATIP,ATI Physical Therapy,Medical Care Facilities,33.86M
492,ATKR,Atkore,Electrical Equipment & Parts,5.53B
493,ATLC,Atlanticus Holdings,Credit Services,424.71M
494,ATLO,Ames National,Banks - Regional,145.40M
495,ATLX,Atlas Lithium,Other Precious Metals & Mining,287.45M
496,ATMC,AlphaTime Acquisition,Shell Companies,96.12M
497,ATMU,Atmus Filtration Technologies,Pollution & Treatment Controls,1.72B
498,ATMV,AlphaVest Acquisition,Shell Companies,97.13M
499,ATNF,180 Life Sciences,Biotechnology,3.35M
